{
  "display": {
    "icon": {
      "id": "minecraft:ender_eye",
      "components": {
        "minecraft:custom_model_data": {
          "strings": [
            "ancient"
          ]
        }
      }
    },
    "title": {
      "translate": "item.tocatecounity.custom_eye_ancient",
      "fallback": "Ancient Eye"
    },
    "description": {
      "translate": "advancements.eyes.ancient.description",
      "fallback": "Unearthed by the Sniffer"
    },
    "background": "minecraft:gui/advancements/backgrounds/end",
    "frame": "challenge",
    "show_toast": true,
    "announce_to_chat": false
  },
  "parent": "tocatecounity:eyes/root",
  "criteria": {
    "got_eye": {
      "trigger": "minecraft:inventory_changed",
      "conditions": {
        "items": [
          {
            "items": "minecraft:ender_eye",
            "components": {
              "minecraft:custom_model_data": {
                "strings": [
                  "ancient"
                ]
              }
            }
          }
        ]
      }
    }
  }
}