{
  "display": {
    "icon": {
      "id": "minecraft:ender_eye"
    },
    "title": {
      "translate": "advancements.eyes.root.title",
      "fallback": "Eye gathering"
    },
    "description": {
      "translate": "advancements.eyes.root.description",
      "fallback": "The eye hunt begins"
    },
    "background": "minecraft:gui/advancements/backgrounds/end",
    "frame": "task",
    "show_toast": true,
    "announce_to_chat": false
  },
  "criteria": {
    "got_eye": {
      "trigger": "minecraft:inventory_changed",
      "conditions": {
        "items": [
          {
            "items": "minecraft:ender_eye"
          }
        ]
      }
    }
  }
}