{
  "type": "minecraft:gift",
  "pools": [
    {
      "bonus_rolls": 0,
      "entries": [
        {
          "type": "minecraft:item",
          "name": "minecraft:torchflower_seeds",
          "weight": 4
        },
        {
          "type": "minecraft:item",
          "name": "minecraft:pitcher_pod",
          "weight": 4
        },
        {
          "type": "minecraft:loot_table",
          "value": "tocatecounity:custom_eye_ancient",
          "weight": 2
        }
      ],
      "rolls": 1,
      "conditions": []
    }
  ],
  "random_sequence": "minecraft:gameplay/sniffer_digging"
}