{
  "type": "minecraft:entity",
  "pools": [
    {
      "rolls": 1,
      "entries": [
        {
          "type": "minecraft:loot_table",
          "value": "tocatecounity:custom_eye_warden"
        }
      ],
      "conditions": [
        {
          "condition": "minecraft:random_chance",
          "chance": 0.5
        }
      ]
    },
    {
      "bonus_rolls": 0,
      "entries": [
        {
          "type": "minecraft:item",
          "name": "minecraft:sculk_catalyst"
        }
      ],
      "rolls": 1
    }
  ],
  "random_sequence": "minecraft:entities/warden"
}