{
  "variants": {
    "orientation=up_north":  { "model": "tocatecounity:block/end_portal_frame_jungle" },
    "orientation=up_south":  { "model": "tocatecounity:block/end_portal_frame_gold" },
    "orientation=up_east":   { "model": "tocatecounity:block/end_portal_frame_dark" },
    "orientation=up_west":   { "model": "tocatecounity:block/end_portal_frame_resin" },
    "orientation=down_north": { "model": "tocatecounity:block/end_portal_frame_elder" },
    "orientation=down_south": { "model": "tocatecounity:block/end_portal_frame_warden" },
    "orientation=down_east":  { "model": "tocatecounity:block/end_portal_frame_guardian" },
    "orientation=down_west":  { "model": "tocatecounity:block/end_portal_frame_heavy" },
    "orientation=north_up":   { "model": "tocatecounity:block/end_portal_frame_ancient" },
    "orientation=south_up":   { "model": "tocatecounity:block/end_portal_frame_greed" },
    "orientation=east_up":    { "model": "tocatecounity:block/end_portal_frame_wealth" },
    "orientation=west_up":    { "model": "tocatecounity:block/end_portal_frame_hero" }
  }
}