{
  "model": {
    "type": "minecraft:select",
    "property": "minecraft:custom_model_data",
    "cases": [
      {
        "when": "jungle",
        "model": {
          "type": "minecraft:model",
          "model": "tocatecounity:item/custom_eye_jungle"
        }
      },
      {
        "when": "gold",
        "model": {
          "type": "minecraft:model",
          "model": "tocatecounity:item/custom_eye_gold"
        }
      },
      {
        "when": "dark",
        "model": {
          "type": "minecraft:model",
          "model": "tocatecounity:item/custom_eye_dark"
        }
      },
      {
        "when": "resin",
        "model": {
          "type": "minecraft:model",
          "model": "tocatecounity:item/custom_eye_resin"
        }
      },
      {
        "when": "elder",
        "model": {
          "type": "minecraft:model",
          "model": "tocatecounity:item/custom_eye_elder"
        }
      },
      {
        "when": "warden",
        "model": {
          "type": "minecraft:model",
          "model": "tocatecounity:item/custom_eye_warden"
        }
      },
      {
        "when": "guardian",
        "model": {
          "type": "minecraft:model",
          "model": "tocatecounity:item/custom_eye_guardian"
        }
      },
      {
        "when": "heavy",
        "model": {
          "type": "minecraft:model",
          "model": "tocatecounity:item/custom_eye_heavy"
        }
      },
      {
        "when": "ancient",
        "model": {
          "type": "minecraft:model",
          "model": "tocatecounity:item/custom_eye_ancient"
        }
      },
      {
        "when": "greed",
        "model": {
          "type": "minecraft:model",
          "model": "tocatecounity:item/custom_eye_greed"
        }
      },
      {
        "when": "wealth",
        "model": {
          "type": "minecraft:model",
          "model": "tocatecounity:item/custom_eye_wealth"
        }
      },
      {
        "when": "hero",
        "model": {
          "type": "minecraft:model",
          "model": "tocatecounity:item/custom_eye_hero"
        }
      }
    ],
    "fallback": {
      "type": "minecraft:model",
      "model": "minecraft:item/ender_eye"
    }
  }
}
