{
  "pools": [
    {
      "rolls": 1,
      "entries": [
        {
          "type": "minecraft:item",
          "name": "minecraft:ender_eye",
          "functions": [
            {
              "function": "minecraft:set_name",
              "name": {
                "translate": "item.tocatecounity.custom_eye_ancient",
                "fallback": "Ancient Eye",
                "color": "#8e24aa",
                "italic": false
              }
            },
            {
              "function": "minecraft:set_lore",
              "lore": [
                {
                  "translate": "item.tocatecounity.custom_eye_ancient.lore",
                  "fallback": "Radiates with forgotten power",
                  "italic": false
                }
              ],
              "mode": "replace_all"
            },
            {
              "function": "minecraft:set_custom_model_data",
              "strings": {
                "values": [
                  "ancient"
                ],
                "mode": "replace_all"
              }
            }
          ]
        }
      ]
    }
  ]
}