{
  "type": "minecraft:crafting_shaped",
  "category": "misc",
  "pattern": [
    "XXX",
    "XEX",
    "XXX"
  ],
  "key": {
    "X": "minecraft:resin_clump",
    "E": "minecraft:ender_eye"
  },
  "result": {
    "id": "minecraft:ender_eye",
    "components": {
      "minecraft:custom_model_data": {
        "strings": [
          "resin"
        ]
      },
      "minecraft:item_name": {
        "translate": "item.tocatecounity.custom_eye_resin",
        "fallback": "Resin Eye",
        "color": "#f3791b",
        "italic": false
      },
      "minecraft:lore": [
        {
          "translate": "item.tocatecounity.custom_eye_resin.lore",
          "fallback": "Encased in hardened sap from mythical trees",
          "italic": false
        }
      ]
    }
  },
  "show_notification": true
}