{
  "type": "minecraft:crafting_shaped",
  "category": "misc",
  "pattern": [
    " C ",
    "XEX",
    " B "
  ],
  "key": {
    "E": [
      "minecraft:enchanted_golden_apple"
    ],
    "X": [
      "minecraft:amethyst_shard"
    ],
    "C": [
      "minecraft:turtle_helmet"
    ],
    "B": [
      "minecraft:heart_of_the_sea"
    ]
  },
  "result": {
    "id": "minecraft:ender_eye",
    "components": {
      "minecraft:custom_model_data": {
        "strings": [
          "resin"
        ]
      },
      "minecraft:item_name": {
        "translate": "item.tocatecounity.custom_eye_wealth",
        "fallback": "Wealth Eye",
        "color": "#00aaff",
        "italic": false
      },
      "minecraft:lore": [
        {
          "translate": "item.tocatecounity.custom_eye_wealth.lore",
          "fallback": "Crafted using various rare materials",
          "italic": false
        }
      ]
    }
  },
  "show_notification": true
}