{
    "textures": {
        "eye": "tocatecounity:block/custom_eye_heavy"
    },
    "elements": [
        {
            "from": [
                3.5,
                12.5,
                3.5
            ],
            "to": [
                12.5,
                16.5,
                12.5
            ],
            "faces": {
                "north": {
                    "uv": [
                        4,
                        0,
                        12,
                        3
                    ],
                    "texture": "#eye"
                },
                "east": {
                    "uv": [
                        4,
                        0,
                        12,
                        3
                    ],
                    "texture": "#eye"
                },
                "south": {
                    "uv": [
                        4,
                        0,
                        12,
                        3
                    ],
                    "texture": "#eye"
                },
                "west": {
                    "uv": [
                        4,
                        0,
                        12,
                        3
                    ],
                    "texture": "#eye"
                },
                "up": {
                    "uv": [
                        4,
                        4,
                        12,
                        12
                    ],
                    "texture": "#eye",
                    "cullface": "up"
                }
            }
        },
        {
            "from": [
                4,
                13,
                4
            ],
            "to": [
                12,
                17,
                12
            ],
            "rotation": {
                "angle": 0,
                "axis": "y",
                "origin": [
                    0,
                    0.5,
                    0
                ]
            },
            "faces": {
                "north": {
                    "uv": [
                        4,
                        0,
                        12,
                        3
                    ],
                    "texture": "#eye"
                },
                "east": {
                    "uv": [
                        4,
                        0,
                        12,
                        3
                    ],
                    "texture": "#eye"
                },
                "south": {
                    "uv": [
                        4,
                        0,
                        12,
                        3
                    ],
                    "texture": "#eye"
                },
                "west": {
                    "uv": [
                        4,
                        0,
                        12,
                        3
                    ],
                    "texture": "#eye"
                },
                "up": {
                    "uv": [
                        4,
                        4,
                        12,
                        12
                    ],
                    "texture": "#eye",
                    "cullface": "up"
                }
            }
        }
    ]
}